number,value,kind,source
h.repos_sampled,3825,result,results/headline.json#L2
h.repos_with_workflows,3035,result,results/headline.json#L3
h.repos_with_actions_cache,634,result,results/headline.json#L4
h.repos_caching_built_env,84,result,results/headline.json#L5
h.cache_steps_total,2360,result,results/headline.json#L6
h.built_env_steps,248,result,results/headline.json#L7
h.download_store_steps,350,result,results/headline.json#L8
h.unsound_steps,146,result,results/headline.json#L9
h.unsound_pct_of_built,58.9,result,results/headline.json#L10
h.unsound_with_skip,28,result,results/headline.json#L11
h.unsound_with_skip_pct_of_built,11.3,result,results/headline.json#L12
h.repos_any_unsound,58,result,results/headline.json#L13
h.repos_exposed,12,result,results/headline.json#L14
h.repos_exposed_pct_of_built_env_repos,14.3,result,results/headline.json#L15
h.built_with_deps_hash,224,result,results/headline.json#L16
h.built_without_setup_python,42,result,results/headline.json#L17
h.built_hashing_lock_file,136,result,results/headline.json#L18
h.sound_without_arch,52,result,results/headline.json#L19
h.sound_with_deps_and_os,58,result,results/headline.json#L20
h.repo_weighted_incomplete_pct,67.9,result,results/headline.json#L21
h.top4_repos_steps,60,result,results/headline.json#L22
h.repos_retrieved,3825,result,results/headline.json#L23
h.shared_across_python_steps,4,result,results/headline.json#L24
h.shared_across_python_repos,4,result,results/headline.json#L25
h.shared_across_python_with_skip,1,result,results/headline.json#L26
h.minor_only_with_skip,18,result,results/headline.json#L27
h.minor_only_steps,68,result,results/headline.json#L28
h.no_interpreter_steps,78,result,results/headline.json#L29
h.sound_steps,86,result,results/headline.json#L30
h.version_file_steps,16,result,results/headline.json#L31
h.unsound_with_restore_keys,71,result,results/headline.json#L32
h.unsound_with_skip_or_restore_keys,86,result,results/headline.json#L33
h.sound_with_skip,54,result,results/headline.json#L34
h.pct_workflow_repos_caching_built_env,2.8,result,results/headline.json#L35
h.pct_caching_built_env_min_stratum,2.0,result,results/headline.json#L36
h.pct_caching_built_env_max_stratum,3.5,result,results/headline.json#L37
h.frame_size,14973,result,results/headline.json#L38
h.frame_s4,825,result,results/headline.json#L39
h.repos_any_unsound_pct_of_built_env_repos,69.0,result,results/headline.json#L40
h.sound_steps_with_restore_key_fallback_hazard,0,result,results/headline.json#L41
t3.runs,3,result,results/table3_summary.json#L2
t3.outcomes,54,result,results/table3_summary.json#L3
t3.n_correct_miss,9,result,results/table3_summary.json#L4
t3.n_correct_hit,9,result,results/table3_summary.json#L5
t3.n_rebuilt_after_prefix,6,result,results/table3_summary.json#L6
t3.n_self_healed,3,result,results/table3_summary.json#L7
t3.n_loud_failure,6,result,results/table3_summary.json#L8
t3.n_silent_wrong,21,result,results/table3_summary.json#L9
t3.pairs_inconsistent_across_runs,0,result,results/table3_summary.json#L10
t3.C0_pip_outcome,correct_miss,result,results/table3_summary.json#L11
t3.C0_pip_ran_on,3.12.14,result,results/table3_summary.json#L12
t3.C0_pip_asked,3.12.14,result,results/table3_summary.json#L13
t3.C0_seed_python,,result,results/table3_summary.json#L14
t3.C0_poetry_outcome,correct_miss,result,results/table3_summary.json#L15
t3.C0_poetry_ran_on,3.12.14,result,results/table3_summary.json#L16
t3.C0_poetry_asked,3.12.14,result,results/table3_summary.json#L17
t3.C0_uv_outcome,correct_miss,result,results/table3_summary.json#L18
t3.C0_uv_ran_on,3.12.14,result,results/table3_summary.json#L19
t3.C0_uv_asked,3.12.14,result,results/table3_summary.json#L20
t3.C1_pip_outcome,correct_hit,result,results/table3_summary.json#L21
t3.C1_pip_ran_on,3.12.14,result,results/table3_summary.json#L22
t3.C1_pip_asked,3.12.14,result,results/table3_summary.json#L23
t3.C1_seed_python,3.12.14,result,results/table3_summary.json#L24
t3.C1_poetry_outcome,correct_hit,result,results/table3_summary.json#L25
t3.C1_poetry_ran_on,3.12.14,result,results/table3_summary.json#L26
t3.C1_poetry_asked,3.12.14,result,results/table3_summary.json#L27
t3.C1_uv_outcome,correct_hit,result,results/table3_summary.json#L28
t3.C1_uv_ran_on,3.12.14,result,results/table3_summary.json#L29
t3.C1_uv_asked,3.12.14,result,results/table3_summary.json#L30
t3.E1_pip_outcome,loud_failure,result,results/table3_summary.json#L31
t3.E1_pip_ran_on,,result,results/table3_summary.json#L32
t3.E1_pip_asked,3.12.14,result,results/table3_summary.json#L33
t3.E1_seed_python,3.12.10,result,results/table3_summary.json#L34
t3.E1_poetry_outcome,loud_failure,result,results/table3_summary.json#L35
t3.E1_poetry_ran_on,,result,results/table3_summary.json#L36
t3.E1_poetry_asked,3.12.14,result,results/table3_summary.json#L37
t3.E1_uv_outcome,self_healed,result,results/table3_summary.json#L38
t3.E1_uv_ran_on,3.12.14,result,results/table3_summary.json#L39
t3.E1_uv_asked,3.12.14,result,results/table3_summary.json#L40
t3.E2_pip_outcome,silent_wrong,result,results/table3_summary.json#L41
t3.E2_pip_ran_on,3.11.16,result,results/table3_summary.json#L42
t3.E2_pip_asked,3.13.15,result,results/table3_summary.json#L43
t3.E2_seed_python,3.11.16,result,results/table3_summary.json#L44
t3.E2_poetry_outcome,silent_wrong,result,results/table3_summary.json#L45
t3.E2_poetry_ran_on,3.11.16,result,results/table3_summary.json#L46
t3.E2_poetry_asked,3.13.15,result,results/table3_summary.json#L47
t3.E2_uv_outcome,silent_wrong,result,results/table3_summary.json#L48
t3.E2_uv_ran_on,3.11.16,result,results/table3_summary.json#L49
t3.E2_uv_asked,3.13.15,result,results/table3_summary.json#L50
t3.E3_pip_outcome,silent_wrong,result,results/table3_summary.json#L51
t3.E3_pip_ran_on,3.11.16,result,results/table3_summary.json#L52
t3.E3_pip_asked,3.13.15,result,results/table3_summary.json#L53
t3.E3_seed_python,3.11.16,result,results/table3_summary.json#L54
t3.E3_poetry_outcome,rebuilt_after_prefix,result,results/table3_summary.json#L55
t3.E3_poetry_ran_on,3.13.15,result,results/table3_summary.json#L56
t3.E3_poetry_asked,3.13.15,result,results/table3_summary.json#L57
t3.E3_uv_outcome,rebuilt_after_prefix,result,results/table3_summary.json#L58
t3.E3_uv_ran_on,3.13.15,result,results/table3_summary.json#L59
t3.E3_uv_asked,3.13.15,result,results/table3_summary.json#L60
t3.E4_pip_outcome,silent_wrong,result,results/table3_summary.json#L61
t3.E4_pip_ran_on,3.11.16,result,results/table3_summary.json#L62
t3.E4_pip_asked,3.13.15,result,results/table3_summary.json#L63
t3.E4_seed_python,3.11.16,result,results/table3_summary.json#L64
t3.E4_poetry_outcome,silent_wrong,result,results/table3_summary.json#L65
t3.E4_poetry_ran_on,3.11.16,result,results/table3_summary.json#L66
t3.E4_poetry_asked,3.13.15,result,results/table3_summary.json#L67
t3.E4_uv_outcome,silent_wrong,result,results/table3_summary.json#L68
t3.E4_uv_ran_on,3.11.16,result,results/table3_summary.json#L69
t3.E4_uv_asked,3.13.15,result,results/table3_summary.json#L70
rq3.workflow_files_scanned,182,result,results/rq3_summary.json#L2
rq3.key_changes,145,result,results/rq3_summary.json#L3
rq3.files_with_any_key_change,67,result,results/rq3_summary.json#L4
rq3.kind_adds_interpreter,19,result,results/rq3_summary.json#L5
rq3.kind_manual_bust,16,result,results/rq3_summary.json#L6
rq3.kind_version_literal,5,result,results/rq3_summary.json#L7
rq3.kind_other,105,result,results/rq3_summary.json#L8
rq3.repos_with_adds_interpreter,17,result,results/rq3_summary.json#L9
rq3.repos_with_manual_bust,4,result,results/rq3_summary.json#L10
rq3.repos_with_version_literal,2,result,results/rq3_summary.json#L11
rq3.repos_with_any_key_change,45,result,results/rq3_summary.json#L12
rq3.commits_with_any_key_change,104,result,results/rq3_summary.json#L13
rq3.commits_in_two_categories,2,result,results/rq3_summary.json#L14
rq3.repos_with_increment_comment,2,result,results/rq3_summary.json#L15
rq3.commits_adds_interpreter,18,result,results/rq3_summary.json#L16
rq3.commits_manual_bust,10,result,results/rq3_summary.json#L17
rq3.commits_version_literal,4,result,results/rq3_summary.json#L18
rq3.commits_other,74,result,results/rq3_summary.json#L19
t4.timed_jobs,45,result,results/table4_summary.json#L2
t4.pip_none_median_s,29.7,result,results/table4_summary.json#L3
t4.pip_download_median_s,27.6,result,results/table4_summary.json#L4
t4.pip_venv_median_s,2.5,result,results/table4_summary.json#L5
t4.pip_download_minus_venv_s,25.1,result,results/table4_summary.json#L6
t4.poetry_none_median_s,8.7,result,results/table4_summary.json#L7
t4.poetry_download_median_s,8.7,result,results/table4_summary.json#L8
t4.poetry_venv_median_s,2.5,result,results/table4_summary.json#L9
t4.poetry_download_minus_venv_s,6.2,result,results/table4_summary.json#L10
t4.uv_none_median_s,1.2,result,results/table4_summary.json#L11
t4.uv_download_median_s,1.9,result,results/table4_summary.json#L12
t4.uv_venv_median_s,2.0,result,results/table4_summary.json#L13
t4.uv_download_minus_venv_s,-0.1,result,results/table4_summary.json#L14
t5.path_kind_labelled,100,result,results/table5_summary.json#L2
t5.path_kind_agree,77,result,results/table5_summary.json#L3
t5.path_kind_agreement_pct,77.0,result,results/table5_summary.json#L4
t5.verdict_labelled,100,result,results/table5_summary.json#L5
t5.verdict_agree,67,result,results/table5_summary.json#L6
t5.verdict_agreement_pct,67.0,result,results/table5_summary.json#L7
t5.verdict_both_built_env_n,54,result,results/table5_summary.json#L8
t5.verdict_both_built_env_agree,43,result,results/table5_summary.json#L9
t5.verdict_both_built_env_pct,79.6,result,results/table5_summary.json#L10
t5.disagreements_checked,34,result,results/table5_summary.json#L11
t5.disagreements_tool_follows_rubric,31,result,results/table5_summary.json#L12
t5.disagreements_classifier_error,1,result,results/table5_summary.json#L13
t5.disagreements_undecidable,2,result,results/table5_summary.json#L14
t5r1.path_kind_labelled,100,result,results/table5_round1_summary.json#L2
t5r1.path_kind_agree,67,result,results/table5_round1_summary.json#L3
t5r1.path_kind_agreement_pct,67.0,result,results/table5_round1_summary.json#L4
t5r1.verdict_labelled,100,result,results/table5_round1_summary.json#L5
t5r1.verdict_agree,71,result,results/table5_round1_summary.json#L6
t5r1.verdict_agreement_pct,71.0,result,results/table5_round1_summary.json#L7
t5r1.verdict_both_built_env_n,36,result,results/table5_round1_summary.json#L8
t5r1.verdict_both_built_env_agree,30,result,results/table5_round1_summary.json#L9
t5r1.verdict_both_built_env_pct,83.3,result,results/table5_round1_summary.json#L10
w.shared_cases_checked,4,result,results/wild_summary.json#L2
w.live_shared_caches,1,result,results/wild_summary.json#L3
w.inert_shared_caches,2,result,results/wild_summary.json#L4
w.undetermined_shared_caches,1,result,results/wild_summary.json#L5
w.wild_jobs_in_live_run,5,result,results/wild_summary.json#L6
w.wild_jobs_wrong_python,4,result,results/wild_summary.json#L7
w.wild_jobs_wrong_python_passed,4,result,results/wild_summary.json#L8
w.wild_tests_ran_on,3.12.14,result,results/wild_summary.json#L9
design.search_results_kept_per_query,300,design choice,scripts/fetch_sample.py#L36
design.sample_size_per_star_group,1000,design choice,scripts/fetch_sample.py#L37
design.star_groups,4,design choice,scripts/fetch_sample.py#L34
design.history_commits_read_per_file,40,design choice,scripts/mine_key_fixes.py#L37
design.timing_runs_per_cell,5,design choice,.github/workflows/bench.yml#L74
design.labels_per_round,100,design choice,scripts/validate_classifier.py#L45
design.experiment_conditions,6,design choice,.github/workflows/harm.yml#L33
design.timing_packages,12,design choice,bench/requirements.txt (one package per line)
