run_id,run_url,condition,tool,seed_python,leg_requested,leg_actual,cache_hit,matched_key,rc,tests_ran_on,outcome,image_version,file
36269818253,https://github.com/mark124/cache-key-soundness/actions/runs/36269818253,C0,pip,,3.12,3.12.14,False,,0,3.12.14,correct_miss,20260920.314.1,data/harm/run-36269818253/outcome-C0-pip.json
36269897312,https://github.com/mark124/cache-key-soundness/actions/runs/36269897312,C0,pip,,3.12,3.12.14,False,,0,3.12.14,correct_miss,20260920.314.1,data/harm/run-36269897312/outcome-C0-pip.json
36269901153,https://github.com/mark124/cache-key-soundness/actions/runs/36269901153,C0,pip,,3.12,3.12.14,False,,0,3.12.14,correct_miss,20260920.314.1,data/harm/run-36269901153/outcome-C0-pip.json
36269818253,https://github.com/mark124/cache-key-soundness/actions/runs/36269818253,C0,poetry,,3.12,3.12.14,False,,0,3.12.14,correct_miss,20260920.314.1,data/harm/run-36269818253/outcome-C0-poetry.json
36269897312,https://github.com/mark124/cache-key-soundness/actions/runs/36269897312,C0,poetry,,3.12,3.12.14,False,,0,3.12.14,correct_miss,20260920.314.1,data/harm/run-36269897312/outcome-C0-poetry.json
36269901153,https://github.com/mark124/cache-key-soundness/actions/runs/36269901153,C0,poetry,,3.12,3.12.14,False,,0,3.12.14,correct_miss,20260920.314.1,data/harm/run-36269901153/outcome-C0-poetry.json
36269818253,https://github.com/mark124/cache-key-soundness/actions/runs/36269818253,C0,uv,,3.12,3.12.14,False,,0,3.12.14,correct_miss,20260920.314.1,data/harm/run-36269818253/outcome-C0-uv.json
36269897312,https://github.com/mark124/cache-key-soundness/actions/runs/36269897312,C0,uv,,3.12,3.12.14,False,,0,3.12.14,correct_miss,20260920.314.1,data/harm/run-36269897312/outcome-C0-uv.json
36269901153,https://github.com/mark124/cache-key-soundness/actions/runs/36269901153,C0,uv,,3.12,3.12.14,False,,0,3.12.14,correct_miss,20260920.314.1,data/harm/run-36269901153/outcome-C0-uv.json
36269818253,https://github.com/mark124/cache-key-soundness/actions/runs/36269818253,E1,pip,3.12.10,3.12,3.12.14,True,exp-36269818253-1-E1-pip-3.12,127,,loud_failure,20260920.314.1,data/harm/run-36269818253/outcome-E1-pip.json
36269897312,https://github.com/mark124/cache-key-soundness/actions/runs/36269897312,E1,pip,3.12.10,3.12,3.12.14,True,exp-36269897312-1-E1-pip-3.12,127,,loud_failure,20260920.314.1,data/harm/run-36269897312/outcome-E1-pip.json
36269901153,https://github.com/mark124/cache-key-soundness/actions/runs/36269901153,E1,pip,3.12.10,3.12,3.12.14,True,exp-36269901153-1-E1-pip-3.12,127,,loud_failure,20260920.314.1,data/harm/run-36269901153/outcome-E1-pip.json
36269818253,https://github.com/mark124/cache-key-soundness/actions/runs/36269818253,E1,poetry,,3.12,3.12.14,True,exp-36269818253-1-E1-poetry-3.12,1,,loud_failure,20260920.314.1,data/harm/run-36269818253/outcome-E1-poetry.json
36269897312,https://github.com/mark124/cache-key-soundness/actions/runs/36269897312,E1,poetry,,3.12,3.12.14,True,exp-36269897312-1-E1-poetry-3.12,1,,loud_failure,20260920.314.1,data/harm/run-36269897312/outcome-E1-poetry.json
36269901153,https://github.com/mark124/cache-key-soundness/actions/runs/36269901153,E1,poetry,,3.12,3.12.14,True,exp-36269901153-1-E1-poetry-3.12,1,,loud_failure,20260920.314.1,data/harm/run-36269901153/outcome-E1-poetry.json
36269818253,https://github.com/mark124/cache-key-soundness/actions/runs/36269818253,E1,uv,,3.12,3.12.14,True,exp-36269818253-1-E1-uv-3.12,0,3.12.14,self_healed,20260920.314.1,data/harm/run-36269818253/outcome-E1-uv.json
36269897312,https://github.com/mark124/cache-key-soundness/actions/runs/36269897312,E1,uv,,3.12,3.12.14,True,exp-36269897312-1-E1-uv-3.12,0,3.12.14,self_healed,20260920.314.1,data/harm/run-36269897312/outcome-E1-uv.json
36269901153,https://github.com/mark124/cache-key-soundness/actions/runs/36269901153,E1,uv,,3.12,3.12.14,True,exp-36269901153-1-E1-uv-3.12,0,3.12.14,self_healed,20260920.314.1,data/harm/run-36269901153/outcome-E1-uv.json
36269818253,https://github.com/mark124/cache-key-soundness/actions/runs/36269818253,E2,pip,3.11.16,3.13,3.13.15,True,exp-36269818253-1-E2-pip-none,0,3.11.16,silent_wrong,20260920.314.1,data/harm/run-36269818253/outcome-E2-pip.json
36269897312,https://github.com/mark124/cache-key-soundness/actions/runs/36269897312,E2,pip,3.11.16,3.13,3.13.15,True,exp-36269897312-1-E2-pip-none,0,3.11.16,silent_wrong,20260920.314.1,data/harm/run-36269897312/outcome-E2-pip.json
36269901153,https://github.com/mark124/cache-key-soundness/actions/runs/36269901153,E2,pip,3.11.16,3.13,3.13.15,True,exp-36269901153-1-E2-pip-none,0,3.11.16,silent_wrong,20260920.314.1,data/harm/run-36269901153/outcome-E2-pip.json
36269818253,https://github.com/mark124/cache-key-soundness/actions/runs/36269818253,E2,poetry,3.11.16,3.13,3.13.15,True,exp-36269818253-1-E2-poetry-none,0,3.11.16,silent_wrong,20260920.314.1,data/harm/run-36269818253/outcome-E2-poetry.json
36269897312,https://github.com/mark124/cache-key-soundness/actions/runs/36269897312,E2,poetry,3.11.16,3.13,3.13.15,True,exp-36269897312-1-E2-poetry-none,0,3.11.16,silent_wrong,20260920.314.1,data/harm/run-36269897312/outcome-E2-poetry.json
36269901153,https://github.com/mark124/cache-key-soundness/actions/runs/36269901153,E2,poetry,3.11.16,3.13,3.13.15,True,exp-36269901153-1-E2-poetry-none,0,3.11.16,silent_wrong,20260920.314.1,data/harm/run-36269901153/outcome-E2-poetry.json
36269818253,https://github.com/mark124/cache-key-soundness/actions/runs/36269818253,E2,uv,3.11.16,3.13,3.13.15,True,exp-36269818253-1-E2-uv-none,0,3.11.16,silent_wrong,20260920.314.1,data/harm/run-36269818253/outcome-E2-uv.json
36269897312,https://github.com/mark124/cache-key-soundness/actions/runs/36269897312,E2,uv,3.11.16,3.13,3.13.15,True,exp-36269897312-1-E2-uv-none,0,3.11.16,silent_wrong,20260920.314.1,data/harm/run-36269897312/outcome-E2-uv.json
36269901153,https://github.com/mark124/cache-key-soundness/actions/runs/36269901153,E2,uv,3.11.16,3.13,3.13.15,True,exp-36269901153-1-E2-uv-none,0,3.11.16,silent_wrong,20260920.314.1,data/harm/run-36269901153/outcome-E2-uv.json
36269818253,https://github.com/mark124/cache-key-soundness/actions/runs/36269818253,E3,pip,3.11.16,3.13,3.13.15,False,exp-36269818253-1-E3-pip-3.11.16,0,3.11.16,silent_wrong,20260920.314.1,data/harm/run-36269818253/outcome-E3-pip.json
36269897312,https://github.com/mark124/cache-key-soundness/actions/runs/36269897312,E3,pip,3.11.16,3.13,3.13.15,False,exp-36269897312-1-E3-pip-3.11.16,0,3.11.16,silent_wrong,20260920.314.1,data/harm/run-36269897312/outcome-E3-pip.json
36269901153,https://github.com/mark124/cache-key-soundness/actions/runs/36269901153,E3,pip,3.11.16,3.13,3.13.15,False,exp-36269901153-1-E3-pip-3.11.16,0,3.11.16,silent_wrong,20260920.314.1,data/harm/run-36269901153/outcome-E3-pip.json
36269818253,https://github.com/mark124/cache-key-soundness/actions/runs/36269818253,E3,poetry,,3.13,3.13.15,False,exp-36269818253-1-E3-poetry-3.11.16,0,3.13.15,correct_miss,20260920.314.1,data/harm/run-36269818253/outcome-E3-poetry.json
36269897312,https://github.com/mark124/cache-key-soundness/actions/runs/36269897312,E3,poetry,,3.13,3.13.15,False,exp-36269897312-1-E3-poetry-3.11.16,0,3.13.15,correct_miss,20260920.314.1,data/harm/run-36269897312/outcome-E3-poetry.json
36269901153,https://github.com/mark124/cache-key-soundness/actions/runs/36269901153,E3,poetry,,3.13,3.13.15,False,exp-36269901153-1-E3-poetry-3.11.16,0,3.13.15,correct_miss,20260920.314.1,data/harm/run-36269901153/outcome-E3-poetry.json
36269818253,https://github.com/mark124/cache-key-soundness/actions/runs/36269818253,E3,uv,,3.13,3.13.15,False,exp-36269818253-1-E3-uv-3.11.16,0,3.13.15,correct_miss,20260920.314.1,data/harm/run-36269818253/outcome-E3-uv.json
36269897312,https://github.com/mark124/cache-key-soundness/actions/runs/36269897312,E3,uv,,3.13,3.13.15,False,exp-36269897312-1-E3-uv-3.11.16,0,3.13.15,correct_miss,20260920.314.1,data/harm/run-36269897312/outcome-E3-uv.json
36269901153,https://github.com/mark124/cache-key-soundness/actions/runs/36269901153,E3,uv,,3.13,3.13.15,False,exp-36269901153-1-E3-uv-3.11.16,0,3.13.15,correct_miss,20260920.314.1,data/harm/run-36269901153/outcome-E3-uv.json
