tool,mode,rep,seconds,cache_hit,run_id,image_version
pip,none,1,21.04,,36279558174,20260920.314.1
pip,none,2,24.86,,36279558174,20260920.314.1
pip,none,3,29.69,,36279558174,20260920.314.1
pip,none,4,30.04,,36279558174,20260920.314.1
pip,none,5,30.31,,36279558174,20260920.314.1
pip,download,1,27.65,true,36279558174,20260920.314.1
pip,download,2,31.0,true,36279558174,20260920.314.1
pip,download,3,18.84,true,36279558174,20260920.314.1
pip,download,4,26.8,true,36279558174,20260920.314.1
pip,download,5,28.78,true,36279558174,20260920.314.1
pip,venv,1,2.36,true,36279558174,20260920.314.1
pip,venv,2,2.23,true,36279558174,20260920.314.1
pip,venv,3,2.5,true,36279558174,20260920.314.1
pip,venv,4,3.68,true,36279558174,20260920.314.1
pip,venv,5,3.15,true,36279558174,20260920.314.1
poetry,none,1,4.55,,36279558174,20260920.314.1
poetry,none,2,8.77,,36279558174,20260920.314.1
poetry,none,3,8.73,,36279558174,20260920.314.1
poetry,none,4,8.54,,36279558174,20260920.314.1
poetry,none,5,9.69,,36279558174,20260920.314.1
poetry,download,1,8.5,true,36279558174,20260920.314.1
poetry,download,2,8.2,true,36279558174,20260920.314.1
poetry,download,3,8.72,true,36279558174,20260920.314.1
poetry,download,4,8.77,true,36279558174,20260920.314.1
poetry,download,5,9.74,true,36279558174,20260920.314.1
poetry,venv,1,1.59,true,36279558174,20260920.314.1
poetry,venv,2,2.06,true,36279558174,20260920.314.1
poetry,venv,3,3.42,true,36279558174,20260920.314.1
poetry,venv,4,2.49,true,36279558174,20260920.314.1
poetry,venv,5,3.37,true,36279558174,20260920.314.1
uv,none,1,1.25,,36279558174,20260920.314.1
uv,none,2,0.9,,36279558174,20260920.314.1
uv,none,3,1.39,,36279558174,20260920.314.1
uv,none,4,0.94,,36279558174,20260920.314.1
uv,none,5,1.3,,36279558174,20260920.314.1
uv,download,1,1.87,true,36279558174,20260920.314.1
uv,download,2,1.84,true,36279558174,20260920.314.1
uv,download,3,2.12,true,36279558174,20260920.314.1
uv,download,4,1.8,true,36279558174,20260920.314.1
uv,download,5,2.38,true,36279558174,20260920.314.1
uv,venv,1,2.42,true,36279558174,20260920.314.1
uv,venv,2,1.27,true,36279558174,20260920.314.1
uv,venv,3,1.96,true,36279558174,20260920.314.1
uv,venv,4,3.28,true,36279558174,20260920.314.1
uv,venv,5,1.71,true,36279558174,20260920.314.1
